<?xml version="1.0" encoding="UTF-8"?>
<modification>
	<name>Floating Button for Whatsapp </name>
	<code>floating-button-whatsapp</code>
	<version>1.1.0</version>
	<author>Naamã Lima</author>
    <link>https://www.linkedin.com/in/naamaslima/</link>
	
	<file path="admin/language/en-gb/setting/setting.php">
		<operation>
			<search>
				<![CDATA[// Entry]]>
			</search>
			<add position="after">
				<![CDATA[
$_['entry_whatsapp_position']      = 'Düğme konumu';
$_['entry_whatsapp_number']        = 'Telefon Numarası';
$_['entry_whatsapp_status']        = 'Durum';
$_['entry_whatsapp_title']         = 'Düğme başlığı';
$_['entry_whatsapp_text']          = 'Mesajınız';
$_['entry_whatsapp_pagesoff']      = 'Giriş sayfasında gizle';
$_['entry_whatsapp_color']         = 'Yazı Rengi';
				]]>
			</add>
		</operation>

		<operation>
			<search>
				<![CDATA[// Text]]>
			</search>
			<add position="after">
				<![CDATA[
$_['text_whatsapp_right']          = 'Sol';
$_['text_whatsapp_left']           = 'Sağ';
$_['text_whatsapp_title']          = 'Ör: Bize ulaşın';
$_['text_whatsapp_status_on']      = 'Aktif';
$_['text_whatsapp_status_off']     = 'Kapalı';
$_['text_whatsapp_number']         = 'Telefon Numarası';
$_['text_whatsapp_text']           = 'Ör: Merhaba, sizinle web sitesi üzerinden iletişim kuruyorum';
$_['text_whatsapp_pagesoff_on']    = 'Aktif';
$_['text_whatsapp_pagesoff_off']   = 'Kapalı';
$_['text_whatsapp_color']   	   = 'RGB';
				]]>
			</add>
		</operation>
	</file>

	<file path="admin/language/pt-br/setting/setting.php">
		<operation>
			<search>
				<![CDATA[// Entry]]>
			</search>
			<add position="after">
				<![CDATA[
$_['entry_whatsapp_position']      = 'Posição do botão';
$_['entry_whatsapp_number']        = 'Número';
$_['entry_whatsapp_status']        = 'Situação';
$_['entry_whatsapp_title']         = 'Título do botão';
$_['entry_whatsapp_text']          = 'Texto inicial';
$_['entry_whatsapp_pagesoff']      = 'Esconder na tela de login';
$_['entry_whatsapp_color']         = 'Buton rengi';

				]]>
			</add>
		</operation>

		<operation>
			<search>
				<![CDATA[// Text]]>
			</search>
			<add position="after">
				<![CDATA[
$_['text_whatsapp_right']          = 'Direito';
$_['text_whatsapp_left']           = 'Esquerdo';
$_['text_whatsapp_title']          = 'Ex: Fale Conosco';
$_['text_whatsapp_status_on']      = 'Habilitado';
$_['text_whatsapp_status_off']     = 'Desabilitado';
$_['text_whatsapp_number']         = 'Número do Whatsapp';
$_['text_whatsapp_text']           = 'Ex: Oi, estou entrando em contato através do site';
$_['text_whatsapp_pagesoff_on']    = 'Habilitado';
$_['text_whatsapp_pagesoff_off']   = 'Desabilitado';
$_['text_whatsapp_color']   	   = 'RGB';
				]]>
			</add>
		</operation>
	</file>

	<file path="admin/view/template/setting/setting.twig">
		<operation>
			<search>
				<![CDATA[<li><a href="#tab-server" data-toggle="tab">{{ tab_server }}</a></li>]]>
			</search>
			<add position="before">
				<![CDATA[
				<li><a href="#tab-whatsapp" data-toggle="tab">Whatsapp Sipariş</a></li>
				]]>
			</add>
		</operation>
		<operation>
			<search>
				<![CDATA[<div class="tab-pane" id="tab-server">]]>
			</search>
			<add position="before">
				<![CDATA[
		<div class="tab-pane" id="tab-whatsapp">
			<div class="form-group">
			<label class="col-sm-2 control-label" for="input-whatsapp_status">{{ entry_whatsapp_status }}</label>
			<div class="col-sm-10">
				<select name="config_whatsapp_status" id="input-whatsapp_status" class="form-control">
				<option value="1" {% if config_whatsapp_status == 1 %} selected="selected" {% endif %}>{{ text_whatsapp_status_on }}</option>                   
				<option value="0" {% if config_whatsapp_status == 0 %} selected="selected" {% endif %}>{{ text_whatsapp_status_off }}</option>
				</select>
			</div>
			</div>
			<div class="form-group">
			<label class="col-sm-2 control-label" for="input-whatsapp-number">{{ entry_whatsapp_number }}</label>
			<div class="col-sm-10">
				<input type="text" name="config_whatsapp_number" value="{{ config_whatsapp_number }}" placeholder="{{ entry_whatsapp_number }}" id="input-whatsapp-number" class="form-control" />
			</div>
			</div>
			<div class="form-group">
			<label class="col-sm-2 control-label" for="input-whatsapp-title">{{ entry_whatsapp_title }}</label>
			<div class="col-sm-10">
				<input type="text" name="config_whatsapp_title" value="{{ config_whatsapp_title }}" placeholder="{{ entry_whatsapp_title }}" id="input-whatsapp-title" class="form-control" />
			</div>
			</div>
			<div class="form-group">
			<label class="col-sm-2 control-label" for="input-whatsapp-text">{{ entry_whatsapp_text }}</label>
			<div class="col-sm-10">
				<input type="text" name="config_whatsapp_text" value="{{ config_whatsapp_text }}" placeholder="{{ entry_whatsapp_text }}" id="input-whatsapp-text" class="form-control" />
			</div>
			</div>
			<div class="form-group">
				<label class="col-sm-2 control-label">{{ entry_whatsapp_position }}</label>
				<div class="col-sm-10">
				<label class="radio-inline"> {% if config_whatsapp_position == 'left' or config_whatsapp_position is null  %}
					<input type="radio" name="config_whatsapp_position" value="left" checked="checked" />
					{{ text_whatsapp_left }}
					{% else %}
					<input type="radio" name="config_whatsapp_position" value="left" />
					{{ text_whatsapp_left }}
					{% endif %} </label>
				<label class="radio-inline"> {% if config_whatsapp_position == 'right' %}
					<input type="radio" name="config_whatsapp_position" value="right" checked="checked" />
					{{ text_whatsapp_right }}
					{% else %}
					<input type="radio" name="config_whatsapp_position" value="right" />
					{{ text_whatsapp_right }}
					{% endif %} </label>
				</div>
			</div>
			<div class="form-group">
			<label class="col-sm-2 control-label" for="input-whatsapp_pagesoff">{{ entry_whatsapp_pagesoff }}</label>
			<div class="col-sm-10">
				<select name="config_whatsapp_pagesoff" id="input-whatsapp_pagesoff" class="form-control">
				<option value="1" {% if config_whatsapp_pagesoff == 1 %} selected="selected" {% endif %}>{{ text_whatsapp_pagesoff_on }}</option>                   
				<option value="0" {% if config_whatsapp_pagesoff == 0 %} selected="selected" {% endif %}>{{ text_whatsapp_pagesoff_off }}</option>
				</select>
			</div>
			</div>
			<div class="form-group">
			<label class="col-sm-2 control-label" for="input-whatsapp_color">Buton Rengi</label>
			<div class="col-sm-6">
				<div class=" input-group colorpicker-component">
					<input type="text" name="config_whatsapp_color" value="{{ config_whatsapp_color ?: '#01e675'}}" placeholder="Selecione uma cor" id="input-whatsapp_color" class="form-control" />
					<span class="input-group-addon"><i></i></span>
				</div>
			</div>
			</div>
			<script>
				$(function() {
				$('.colorpicker-component').colorpicker();
				});
          	</script>
		</div>
				]]>
			</add>
		</operation>
	</file>


	<file path="admin/controller/setting/setting.php">
		<operation>
			<search>
				<![CDATA[$data['header'] = $this->load->controller('common/header');]]>
			</search>
			<add position="before">
				<![CDATA[
		if (isset($this->request->post['config_whatsapp_status'])) {
			$data['config_whatsapp_status'] = $this->request->post['config_whatsapp_status'];
		} else {
			$data['config_whatsapp_status'] = $this->config->get('config_whatsapp_status');
		}

		if (isset($this->request->post['config_whatsapp_position'])) {
			$data['config_whatsapp_position'] = $this->request->post['config_whatsapp_position'];
		} else {
			$data['config_whatsapp_position'] = $this->config->get('config_whatsapp_position');
		}

		if (isset($this->request->post['config_whatsapp_title'])) {
			$data['config_whatsapp_title'] = $this->request->post['config_whatsapp_title'];
		} else {
			$data['config_whatsapp_title'] = $this->config->get('config_whatsapp_title');
		}

		if (isset($this->request->post['config_whatsapp_number'])) {
			$data['config_whatsapp_number'] = $this->request->post['config_whatsapp_number'];
		} else {
			$data['config_whatsapp_number'] = $this->config->get('config_whatsapp_number');
		}

		if (isset($this->request->post['config_whatsapp_text'])) {
			$data['config_whatsapp_text'] = $this->request->post['config_whatsapp_text'];
		} else {
			$data['config_whatsapp_text'] = $this->config->get('config_whatsapp_text');
		}

		if (isset($this->request->post['config_whatsapp_pagesoff'])) {
			$data['config_whatsapp_pagesoff'] = $this->request->post['config_whatsapp_pagesoff'];
		} else {
			$data['config_whatsapp_pagesoff'] = $this->config->get('config_whatsapp_pagesoff');
		}

		if (isset($this->request->post['config_whatsapp_color'])) {
			$data['config_whatsapp_color'] = $this->request->post['config_whatsapp_color'];
		} else {
			$data['config_whatsapp_color'] = $this->config->get('config_whatsapp_color');
		}

		$this->document->addScript('view/javascript/colorpicker/colorpicker.min.js');
		$this->document->addLink('view/javascript/colorpicker/colorpicker.min.css', 'stylesheet');
				]]>
			</add>
		</operation>
	</file>

	<file path="catalog/controller/common/footer.php">
		<operation>
			<search>
				<![CDATA[return $this->load->view('common/footer', $data);]]>
			</search>
			<add position="before">
				<![CDATA[
		if ($this->config->get('config_whatsapp_status') && !empty($this->config->get('config_whatsapp_number'))){
			$match = true;
			if (!empty($this->request->get['route']) && $this->config->get('config_whatsapp_pagesoff')) {
				$skip = ['login','register'];
				foreach ($skip as $s) {
					if (strpos($this->request->get['route'], $s) !== false) {
						$match = false;
						break;
					}
				}
			}	
			if($match){
				$data['whatsapp_number']   = trim(preg_replace('/[^A-Za-z0-9-]+/', '', $this->config->get('config_whatsapp_number')), '-');
				$data['whatsapp_number']   = str_replace("-", "", $data['whatsapp_number']);
				$data['whatsapp_position'] = $this->config->get('config_whatsapp_position');
				$data['whatsapp_title'] = $this->config->get('config_whatsapp_title');
				$data['whatsapp_text'] = $this->config->get('config_whatsapp_text');
				$data['whatsapp_color'] = $this->config->get('config_whatsapp_color');
			}
		}
		]]>
			</add>
		</operation>
	</file>

	<file path="catalog/view/theme/*/template/common/footer.twig">
		<operation>
			<search>
				<![CDATA[</footer>]]>
			</search>
			<add position="before">
				<![CDATA[
{% if whatsapp_number %}
  <div id="btnwhatsapp" style="position: fixed; z-index: 999;{{whatsapp_position}}: 20px; bottom: 20px;">
      <a href="https://wa.me/{{ whatsapp_number }}/?text={{ whatsapp_text ?: '' }}" title="{{whatsapp_title}}" target="_blank" style="width: 60px; height: 60px;background-color: {{ whatsapp_color }};color: #fff;border-radius: 35px;-webkit-border-radius: 35px;-moz-border-radius: 35px;display: table-cell;vertical-align: middle;text-align: center;box-shadow: 0 0 25px rgba(0,0,0,0.4);-webkit-box-shadow: 0 0 25px rgba(0,0,0,0.4);"><i style="font-size: 2.5em !important;" class="fa fa-whatsapp"></i></a>
  </div>
{% endif %}
				]]>
			</add>
		</operation>
	</file>
</modification>