<modification>
 <name>Opencart Sipariş Notları</name>
	<code>Opencart Sipariş Notları</code>
	<version>3x</version>
	<author>Opencartdestekturkiye.com I İletişim: 0553 0884509</author>
	<link>http://www.opencartdestekturkiye.com</link>

  <!-- language override-->
  <file path="admin/controller/common/header.php">
    <operation error="skip">
      <search trim="true"><![CDATA[// Online Stores]]></search>
      <add position="before"><![CDATA[		
            // notification
            $data['text_order'] = $this->language->get('text_order');
            $data['text_processing_status'] = $this->language->get('text_processing_status');
            $data['text_complete_status'] = $this->language->get('text_complete_status');
            $data['text_return'] = $this->language->get('text_return');
            $data['text_customer'] = $this->language->get('text_customer');
            $data['text_online'] = $this->language->get('text_online');
            $data['text_approval'] = $this->language->get('text_approval');
            $data['text_product'] = $this->language->get('text_product');
            $data['text_stock'] = $this->language->get('text_stock');
            $data['text_review'] = $this->language->get('text_review');
            $data['text_affiliate'] = $this->language->get('text_affiliate');
            $data['text_store'] = $this->language->get('text_store');
            $data['text_front'] = $this->language->get('text_front');
            $data['text_help'] = $this->language->get('text_help');
            $data['text_homepage'] = $this->language->get('text_homepage');
            $data['text_documentation'] = $this->language->get('text_documentation');
            $data['text_support'] = $this->language->get('text_support');
            $data['text_logged'] = sprintf($this->language->get('text_logged'), $this->user->getUserName());
            $data['text_logout'] = $this->language->get('text_logout');

            // Orders
            $this->load->model('sale/order');

            // Processing Orders
            $data['processing_status_total'] = $this->model_sale_order->getTotalOrders(array('filter_order_status' => implode(',', $this->config->get('config_processing_status'))));
            $data['processing_status'] = $this->url->link('sale/order', 'user_token=' . $this->session->data['user_token'] . '&filter_order_status=' . implode(',', $this->config->get('config_processing_status')), true);

            // Complete Orders
            $data['complete_status_total'] = $this->model_sale_order->getTotalOrders(array('filter_order_status' => implode(',', $this->config->get('config_complete_status'))));
            $data['complete_status'] = $this->url->link('sale/order', 'user_token=' . $this->session->data['user_token'] . '&filter_order_status=' . implode(',', $this->config->get('config_complete_status')), true);

            // Returns
            $this->load->model('sale/return');

            $return_total = $this->model_sale_return->getTotalReturns(array('filter_return_status_id' => $this->config->get('config_return_status_id')));

            $data['return_total'] = $return_total;

            $data['return'] = $this->url->link('sale/return', 'user_token=' . $this->session->data['user_token'], true);

            // Customers
            $this->load->model('report/customer');

            $data['online_total'] = $this->model_report_customer->getTotalCustomersOnline();

            $data['online'] = $this->url->link('report/online', 'user_token=' . $this->session->data['user_token'], true);

            $this->load->model('customer/customer_approval');

            $customer_total = $this->model_customer_customer_approval->getTotalCustomerApprovals();

            $data['customer_total'] = $customer_total;
            $data['customer_approval'] = $this->url->link('customer/customer_approval', 'user_token=' . $this->session->data['user_token'], true);

            // Products
            $this->load->model('catalog/product');

            $product_total = $this->model_catalog_product->getTotalProducts(array('filter_quantity' => 0));

            $data['product_total'] = $product_total;

            $data['product'] = $this->url->link('catalog/product', 'user_token=' . $this->session->data['user_token'] . '&filter_quantity=0', true);

            // Reviews
            $this->load->model('catalog/review');

            $review_total = $this->model_catalog_review->getTotalReviews(array('filter_status' => 0));

            $data['review_total'] = $review_total;

            $data['review'] = $this->url->link('catalog/review', 'user_token=' . $this->session->data['user_token'] . '&filter_status=0', true);

			$data['alerts'] = $customer_total + $product_total + $review_total + $return_total;
            
			// notification
		    ]]>
      </add>
    </operation>
  </file>

  <file path="admin/view/template/common/header.twig">
    <operation error="skip" >
      <search trim="true" >
        <![CDATA[<ul class="nav navbar-nav navbar-right">]]>
      </search>
      <add position="after">
        <![CDATA[
          {# notification #}
                            <li class="dropdown">
                                <a class="dropdown-toggle" data-toggle="dropdown">
                                {% if alerts > 0 %}
                                    <span class="label label-danger pull-left">{{ alerts }}</span>
                                {% endif %}
                                    <i class="fa fa-bell fa-lg"></i>
                                </a>
                                <ul class="dropdown-menu dropdown-menu-right alerts-dropdown" style="min-width: 180px;">
                                    <li class="dropdown-header" >{{ text_order }}</li>
                                    <li>
                                        <a href="{{ processing_status }}" style="display: block; overflow: auto;">
                                            <span class="label label-warning pull-right">{{ processing_status_total }}</span>{{ text_processing_status }}</a>
                                    </li>
                                    <li>
                                        <a href="{{ complete_status }}">
                                            <span class="label label-success pull-right">{{ complete_status_total }}</span>{{ text_complete_status }}</a>
                                    </li>
                                    <li>
                                        <a href="{{ return }}">
                                            <span class="label label-danger pull-right">{{ return_total }}</span>{{ text_return }}</a>
                                    </li>
                                    <li class="divider"></li>
                                    <li class="dropdown-header">{{ text_customer }}</li>
                                    <li>
                                        <a href="{{ online }}">
                                            <span class="label label-success pull-right">{{ online_total }}</span>{{ text_online }}</a>
                                    </li>
                                    <li>
                                        <a href="{{ customer_approval }}">
                                            <span class="label label-danger pull-right">{{ customer_total }}</span>{{ text_approval }}</a>
                                    </li>
                                    <li class="divider"></li>
                                    <li class="dropdown-header">{{ text_product }}</li>
                                    <li>
                                        <a href="{{ product }}">
                                            <span class="label label-danger pull-right">{{ product_total }}</span>{{ text_stock }}</a>
                                    </li>
                                    <li>
                                        <a href="{{ review }}">
                                            <span class="label label-danger pull-right">{{ review_total }}</span>{{ text_review }}</a>
                                    </li>
                                </ul>
                            </li>
                            {# notification #}
        ]]>
      </add>
    </operation>

    <operation error="skip" >
      <search trim="true">
        <![CDATA[</head>]]>
      </search>
      <add position="before" >
        <![CDATA[
          <style>
            #header .nav > li li {
                min-width: 200px;
            }
            #header .nav > li > a > .label {
                text-shadow: none;
                padding: 1px 4px;
                position: absolute;
                top: 8px;
                left: 6px;
            }
          </style>
        ]]>
      </add>
    </operation>
  </file>

  <file path="admin/language/en-gb/common/header.php">
    <operation error="skip">
      <search trim="true">
        <![CDATA[// Text]]>
      </search>
      <add position="after">
        <![CDATA[
          $_['text_order'] = 'Siparişler';
          $_['text_processing_status'] = 'İşlemde Olan Siparişler';
          $_['text_complete_status'] = 'Tamamlanan Siparişler';
          $_['text_customer'] = 'Müşteriler';
          $_['text_online'] = 'Online Müşteriler';
          $_['text_approval'] = 'Onay bekleyen Müşteriler';
          $_['text_product'] = 'Ürünler';
          $_['text_stock'] = 'Stoğu Biten Ürünler';
          $_['text_review'] = 'Yorumnlar';
          $_['text_return'] = 'İadeler';
          $_['text_affiliate'] = 'Ortaklık Talebi';
          $_['text_store'] = 'Mağaza';
          $_['text_front'] = 'Mağaza Önyüz';
          $_['text_help'] = 'Yardım';
          $_['text_homepage'] = 'Opencart Anasayfası';
          $_['text_support'] = 'Yardım Form';
          $_['text_documentation'] = 'Dekumantasyon';
          $_['text_logout'] = 'Çıkış Yap';

        ]]>
      </add>
    </operation>
  </file>
</modification>