<?xml version="1.0" encoding="utf-8"?>
<modification>
	<name>Sainent Opencart 3.x SEO Url Issue Fix</name>
	<code>sainent_opencart_3x_seo_url_issue_fix</code>
	<version>1.0</version>
	<author>Sainent eBusiness</author>
	<link>http://www.sainent.com/</link>
 	<file path="catalog/controller/startup/seo_url.php">
		<operation>
		<search index="0"><![CDATA[} elseif ($key == 'path') {]]></search>
			<add position="before"><![CDATA[
} elseif ($key == 'route') {
	$query = $this->db->query("SELECT * FROM " . DB_PREFIX . "seo_url WHERE `query` = '" . $this->db->escape($value) . "' AND store_id = '" . (int)$this->config->get('config_store_id') . "' AND language_id = '" . (int)$this->config->get('config_language_id') . "'");
   	if ($query->num_rows && $query->row['keyword']) {
	 	$url .= '/' . $query->row['keyword'];
	 	unset($data[$key]);
   	} else if ($data['route'] == "common/home") { 
	 $url .= '/'; 
   	} 	
			]]></add>
		</operation>
	</file>
	<file path="admin/controller/common/column_left.php">
		<operation>
		<search index="0"><![CDATA[$marketplace = array();]]></search>
			<add position="before"><![CDATA[ 
			if ($this->user->hasPermission('access', 'extension/module/sainent_extensions')) {
				$data['menus'][] = array(
					'id'       => 'menu-sainent-extensions',
					'icon'	   => 'fa-puzzle-piece', 
					'name'	   => $this->language->get('text_sainent_extensions'),
					'href'     => $this->url->link('extension/module/sainent_extensions', 'user_token=' . $this->session->data['user_token'], true),
					'children' => array(),
				);		
			}
			]]></add>
		</operation>
	</file>
	<file path="admin/language/en-gb/common/column_left.php">
		<operation>
		<search index="0"><![CDATA[$_['text_layout']]]></search>
			<add position="before"><![CDATA[  $_['text_sainent_extensions'] = 'Sainent Extensions';
			]]></add>
		</operation>
	</file>
</modification>