<?xml version="1.0" encoding="UTF-8" ?>
<modification>
  <name>custom admin icon dashboard opencart 3.x whitout login</name>
  <version>3.0</version>
  <code>3</code>
  <author>Agenzia Web INFORMATICAZONE</author>
  <link>https://www.informaticazone.it</link>

<file path="admin/controller/marketplace/install.php" error="log">
    <operation>
      <search><![CDATA['admin/controller/extension/',]]></search>
      <add position="after"><![CDATA['admin/view/template/common/',]]></add>
    </operation>
  </file>
  <file path="admin/controller/extension/dashboard/sale.php" error="log">
    <operation>
      <search error="log"><![CDATA[return $this->load->view('extension/dashboard/sale_info', $data);]]></search>
      <add position="replace"><![CDATA[return $this->load->view('extension/dashboard/informa_sale_info', $data);]]></add>
    </operation>
    <operation>
      <search><![CDATA[for ($i = 3; $i <= 12; $i++) {]]></search>
      <add position="replace"><![CDATA[for ($i = 2; $i <= 12; $i++) {]]></add>
    </operation>
  </file>
  <file path="admin/controller/extension/dashboard/order.php" error="log">
    <operation>
      <search><![CDATA[return $this->load->view('extension/dashboard/order_info', $data);]]></search>
      <add position="replace"><![CDATA[return $this->load->view('extension/dashboard/informa_order_info', $data);]]></add>
    </operation>
    <operation>
      <search><![CDATA[for ($i = 3; $i <= 12; $i++) {]]></search>
      <add position="replace"><![CDATA[for ($i = 2; $i <= 12; $i++) {]]></add>
    </operation>
  </file>

  <file path="admin/controller/extension/dashboard/online.php" error="log">
    <operation>
      <search><![CDATA[return $this->load->view('extension/dashboard/online_info', $data);]]></search>
      <add position="replace"><![CDATA[return $this->load->view('extension/dashboard/informa_online_info', $data);]]></add>
    </operation>

    <operation>
      <search><![CDATA[for ($i = 3; $i <= 12; $i++) {]]></search>
      <add position="replace"><![CDATA[for ($i = 2; $i <= 12; $i++) {]]></add>
    </operation>
  </file>

  <file path="admin/controller/extension/dashboard/customer.php" error="log">
    <operation>
      <search><![CDATA[return $this->load->view('extension/dashboard/customer_info', $data);]]></search>
      <add position="replace"><![CDATA[return $this->load->view('extension/dashboard/informa_customer_info', $data);]]></add>
    </operation>

    <operation>
      <search><![CDATA[for ($i = 3; $i <= 12; $i++) {]]></search>
      <add position="replace"><![CDATA[for ($i = 2; $i <= 12; $i++) {]]></add>
    </operation>
  </file>
</modification>