{
  "name": "chart.js",
  "description": "Simple HTML5 charts using the canvas element.",
  "homepage": "http://www.chartjs.org",
  "license": "MIT",
  "version": "2.7.2",
  "main": "./dist/Chart.js",
  "ignore": [
    ".github",
    ".codeclimate.yml",
    ".gitignore",
    ".npmignore",
    ".travis.yml",
    "scripts"
  ],
  "_release": "2.7.2",
  "_resolution": {
    "type": "version",
    "tag": "v2.7.2",
    "commit": "33e81b45321e0211137f6434600b5435895b5a6f"
  },
  "_source": "https://github.com/chartjs/Chart.js.git",
  "_target": "^2.7.2",
  "_originalSource": "chart.js",
  "_direct": true
}